-- phpMyAdmin SQL Dump
-- version 4.8.5
-- https://www.phpmyadmin.net/
--
-- Host: 127.0.0.1
-- Generation Time: Mar 04, 2023 at 12:58 AM
-- Server version: 10.1.38-MariaDB
-- PHP Version: 7.3.2

SET SQL_MODE = "NO_AUTO_VALUE_ON_ZERO";
SET AUTOCOMMIT = 0;
START TRANSACTION;
SET time_zone = "+00:00";


/*!40101 SET @OLD_CHARACTER_SET_CLIENT=@@CHARACTER_SET_CLIENT */;
/*!40101 SET @OLD_CHARACTER_SET_RESULTS=@@CHARACTER_SET_RESULTS */;
/*!40101 SET @OLD_COLLATION_CONNECTION=@@COLLATION_CONNECTION */;
/*!40101 SET NAMES utf8mb4 */;

--
-- Database: `user-registration`
--

-- --------------------------------------------------------

--
-- Table structure for table `announcements`
--

CREATE TABLE `announcements` (
  `id` int(11) NOT NULL,
  `recipient` varchar(255) DEFAULT NULL,
  `campaign` varchar(255) DEFAULT NULL,
  `status` varchar(100) NOT NULL DEFAULT 'no',
  `msg` varchar(1000) NOT NULL,
  `auther` varchar(100) NOT NULL,
  `created_at` datetime DEFAULT CURRENT_TIMESTAMP,
  `date_send` datetime NOT NULL DEFAULT CURRENT_TIMESTAMP
) ENGINE=InnoDB DEFAULT CHARSET=latin1;

--
-- Dumping data for table `announcements`
--

INSERT INTO `announcements` (`id`, `recipient`, `campaign`, `status`, `msg`, `auther`, `created_at`, `date_send`) VALUES
(221, 'testUS', NULL, 'yes', 'hi ther WHAT', 'walid888', '2023-03-01 23:11:39', '2023-03-01 01:02:23'),
(223, 'Clarke', NULL, 'no', 'kl\nKE\nSK', 'walid888', '2023-03-01 23:08:32', '2023-03-01 01:37:30'),
(224, 'walidali', NULL, 'yes', 'hi walid . . ', 'walid888', '2023-03-01 22:49:46', '2023-03-01 01:37:55'),
(228, 'walidali', NULL, 'yes', 'campaign update: your campaign is NOT_SET', 'AutoGenerated', '2023-03-02 00:17:20', '2023-03-02 00:17:20'),
(229, 'testUS', NULL, 'yes', 'campaign update: your campaign is NOT_SET', 'AutoGenerated', '2023-03-02 00:17:20', '2023-03-02 00:17:20'),
(230, 'markUS', NULL, 'no', 'campaign update: your campaign is NOT_SET', 'AutoGenerated', '2023-03-02 00:17:21', '2023-03-02 00:17:21'),
(231, 'testUSa', NULL, 'no', 'campaign update: your campaign is NOT_SET', 'AutoGenerated', '2023-03-02 00:17:21', '2023-03-02 00:17:21'),
(232, 'Yoshi', NULL, 'no', 'campaign update: your campaign is NOT_SET', 'AutoGenerated', '2023-03-02 00:17:21', '2023-03-02 00:17:21'),
(233, 'Shad', NULL, 'no', 'campaign update: your campaign is NOT_SET', 'AutoGenerated', '2023-03-02 00:17:21', '2023-03-02 00:17:21'),
(234, 'Clarke', NULL, 'no', 'campaign update: your campaign is NOT_SET', 'AutoGenerated', '2023-03-02 00:17:21', '2023-03-02 00:17:21'),
(235, 'Cassandra', NULL, 'no', 'campaign update: your campaign is NOT_SET', 'AutoGenerated', '2023-03-02 00:17:21', '2023-03-02 00:17:21'),
(236, 'Ignatius', NULL, 'no', 'campaign update: your campaign is NOT_SET', 'AutoGenerated', '2023-03-02 00:17:22', '2023-03-02 00:17:22'),
(237, 'Boris', NULL, 'no', 'campaign update: your campaign is NOT_SET', 'AutoGenerated', '2023-03-02 00:17:22', '2023-03-02 00:17:22'),
(238, 'Jonas', NULL, 'no', 'campaign update: your campaign is NOT_SET', 'AutoGenerated', '2023-03-02 00:17:22', '2023-03-02 00:17:22'),
(239, 'Fulton', NULL, 'no', 'campaign update: your campaign is NOT_SET', 'AutoGenerated', '2023-03-02 00:17:22', '2023-03-02 00:17:22'),
(240, 'Dustin', NULL, 'no', 'campaign update: your campaign is NOT_SET', 'AutoGenerated', '2023-03-02 00:17:23', '2023-03-02 00:17:23'),
(241, 'Montana', NULL, 'no', 'campaign update: your campaign is NOT_SET', 'AutoGenerated', '2023-03-02 00:17:24', '2023-03-02 00:17:24'),
(243, 'walidali', NULL, 'yes', 'campaign update: your campaign is tort', 'AutoGenerated', '2023-03-02 00:45:29', '2023-03-02 00:45:29'),
(244, 'testUS', NULL, 'yes', 'campaign update: your campaign is tort', 'AutoGenerated', '2023-03-02 00:45:30', '2023-03-02 00:45:30'),
(245, 'markUS', NULL, 'no', 'campaign update: your campaign is tort', 'AutoGenerated', '2023-03-02 00:45:30', '2023-03-02 00:45:30'),
(246, 'frank', NULL, 'no', 'campaign update: your campaign is tort', 'AutoGenerated', '2023-03-02 00:45:30', '2023-03-02 00:45:30'),
(248, 'testUS', NULL, 'yes', 'aaa', 'walid888', '2023-03-02 00:54:52', '2023-03-02 00:54:52'),
(249, 'testUS', NULL, 'yes', 'aaad', 'walid888', '2023-03-02 00:54:56', '2023-03-02 00:54:56'),
(250, 'testUS', NULL, 'yes', 'ee', 'walid888', '2023-03-02 00:55:00', '2023-03-02 00:55:00'),
(251, 'testUS', NULL, 'yes', 'fff', 'walid888', '2023-03-02 00:55:02', '2023-03-02 00:55:02'),
(252, 'testUS', NULL, 'yes', 'cccc', 'walid888', '2023-03-02 00:55:06', '2023-03-02 00:55:06'),
(253, 'testUS', NULL, 'yes', 'hi leo', 'walid888', '2023-03-02 23:07:08', '2023-03-02 23:07:08'),
(254, 'testUS', NULL, 'yes', 'hi', 'walid888', '2023-03-03 00:07:35', '2023-03-03 00:07:35'),
(256, 'testUS', NULL, 'yes', 'how are u today\n', 'walid888', '2023-03-03 00:14:00', '2023-03-03 00:14:00'),
(257, 'testUS', NULL, 'yes', 'hi man', 'walid888', '2023-03-03 00:14:44', '2023-03-03 00:14:44'),
(258, 'testUS', NULL, 'yes', 'good job', 'walid888', '2023-03-03 00:16:10', '2023-03-03 00:15:57'),
(260, 'testUS', NULL, 'yes', 'wlis', 'walid888', '2023-03-03 00:18:30', '2023-03-03 00:18:30'),
(262, 'testUS', NULL, 'no', 'heklllsl;a', 'walid888', '2023-03-03 01:59:34', '2023-03-03 01:59:34'),
(263, 'walidali', NULL, 'yes', 'jjjj\n', 'walid888', '2023-03-03 01:59:58', '2023-03-03 01:59:58'),
(264, 'testUS', NULL, 'no', 'hhhh', 'walid888', '2023-03-03 02:00:06', '2023-03-03 02:00:06'),
(265, 'testUS', NULL, 'no', 'last sent\n', 'walid888', '2023-03-03 18:54:21', '2023-03-03 18:54:21'),
(266, 'markUS', NULL, 'no', 'last send\n', 'walid888', '2023-03-03 18:54:36', '2023-03-03 18:54:36'),
(267, 'testUS', NULL, 'no', 'kkk', 'walid888', '2023-03-03 18:54:50', '2023-03-03 18:54:50'),
(268, 'testUS', NULL, 'no', 'kpko\n', 'walid888', '2023-03-03 18:55:12', '2023-03-03 18:55:12'),
(269, 'walidali', NULL, 'yes', 'kkkk', 'walid888', '2023-03-03 18:55:18', '2023-03-03 18:55:18'),
(270, 'walidali', NULL, 'yes', 'hi\n', 'walid888', '2023-03-03 18:56:07', '2023-03-03 18:56:07'),
(271, 'walidali', NULL, 'yes', 'kelo\n', 'walid888', '2023-03-03 18:56:22', '2023-03-03 18:56:22'),
(272, 'testUS', NULL, 'no', 'kelo', 'walid888', '2023-03-03 18:56:27', '2023-03-03 18:56:27'),
(273, 'walidali', NULL, 'yes', 'hi', 'walid888', '2023-03-03 18:58:02', '2023-03-03 18:58:02'),
(274, 'walidali', NULL, 'yes', 'hi there', 'walid888', '2023-03-03 18:58:19', '2023-03-03 18:58:19'),
(275, 'walidali', NULL, 'yes', 'kelop', 'walid888', '2023-03-03 18:58:56', '2023-03-03 18:58:56'),
(276, 'broUS', NULL, 'yes', 'msg_1', 'walid888', '2023-03-03 19:05:38', '2023-03-03 19:05:38'),
(277, 'broUS', NULL, 'yes', 'msg_2', 'walid888', '2023-03-03 19:05:54', '2023-03-03 19:05:54'),
(278, 'broUS', NULL, 'yes', 'msg_3', 'walid888', '2023-03-03 19:05:58', '2023-03-03 19:05:58'),
(279, 'broUS', NULL, 'yes', 'msg_4', 'walid888', '2023-03-03 19:06:03', '2023-03-03 19:06:03'),
(280, 'broUS', NULL, 'yes', 'msg_5', 'walid888', '2023-03-03 22:06:20', '2023-03-03 19:06:10'),
(281, 'broUS', NULL, 'yes', 'msg_6', 'walid888', '2023-03-03 19:06:12', '2023-03-03 19:06:12'),
(282, 'broUS', NULL, 'yes', 'msg_7', 'walid888', '2023-03-03 19:08:06', '2023-03-03 19:08:06'),
(283, 'broUS', NULL, 'yes', 'msg_8', 'walid888', '2023-03-03 19:08:09', '2023-03-03 19:08:09'),
(284, 'broUS', NULL, 'yes', 'msg_9', 'walid888', '2023-03-03 19:08:14', '2023-03-03 19:08:14'),
(285, 'broUS', NULL, 'yes', 'msg_10', 'walid888', '2023-03-03 19:08:19', '2023-03-03 19:08:19'),
(287, 'broUS', NULL, 'yes', 'msg_11', 'walid888', '2023-03-03 22:12:36', '2023-03-03 22:12:36'),
(288, 'broUS', NULL, 'yes', 'msg_12', 'walid888', '2023-03-03 22:12:44', '2023-03-03 22:12:44'),
(289, 'broUS', NULL, 'yes', 'msg_13', 'walid888', '2023-03-03 22:12:48', '2023-03-03 22:12:48'),
(290, 'broUS', NULL, 'yes', 'msg_14', 'walid888', '2023-03-03 22:12:52', '2023-03-03 22:12:52'),
(291, 'broUS', NULL, 'yes', 'msg_15', 'walid888', '2023-03-03 22:12:57', '2023-03-03 22:12:57'),
(292, NULL, 'tort', 'yes', 'm_1', 'walid888', '2023-03-03 22:23:39', '2023-03-03 22:23:39'),
(294, NULL, 'tort', 'yes', 'm_2', 'walid888', '2023-03-03 22:29:22', '2023-03-03 22:29:22'),
(295, NULL, 'tort', 'yes', 'm_3', 'walid888', '2023-03-03 22:29:25', '2023-03-03 22:29:25'),
(296, NULL, 'tort', 'yes', 'm_4', 'walid888', '2023-03-03 22:29:27', '2023-03-03 22:29:27'),
(297, NULL, 'tort', 'yes', 'm_5', 'walid888', '2023-03-03 22:29:30', '2023-03-03 22:29:30'),
(298, NULL, 'tort', 'yes', 'm_6', 'walid888', '2023-03-03 22:29:33', '2023-03-03 22:29:33'),
(299, NULL, 'tort', 'yes', 'm_7', 'walid888', '2023-03-03 22:29:37', '2023-03-03 22:29:37'),
(300, NULL, 'tort', 'yes', 'm_8', 'walid888', '2023-03-03 22:29:40', '2023-03-03 22:29:40'),
(301, NULL, 'tort', 'yes', 'm_9', 'walid888', '2023-03-03 22:29:44', '2023-03-03 22:29:44'),
(302, NULL, 'tort', 'yes', 'm_10', 'walid888', '2023-03-03 22:29:48', '2023-03-03 22:29:48'),
(303, NULL, 'tort', 'yes', 'm_11', 'walid888', '2023-03-03 22:29:54', '2023-03-03 22:29:54'),
(304, NULL, 'tort', 'yes', 'm_12', 'walid888', '2023-03-03 22:30:09', '2023-03-03 22:30:09'),
(305, NULL, 'tort', 'yes', 'm_13', 'walid888', '2023-03-03 22:30:16', '2023-03-03 22:30:16'),
(306, NULL, 'tort', 'yes', 'm_14', 'walid888', '2023-03-03 22:30:20', '2023-03-03 22:30:20'),
(307, NULL, 'tort', 'yes', 'm_15', 'walid888', '2023-03-03 22:30:23', '2023-03-03 22:30:23'),
(308, 'broUS', NULL, 'yes', 'campaign update: your campaign is tort', 'AutoGenerated', '2023-03-03 23:08:09', '2023-03-03 23:08:09'),
(310, 'markUS', NULL, 'no', 'hio', 'walid888', '2023-03-04 00:19:10', '2023-03-04 00:19:10'),
(311, 'testUSa', NULL, 'no', 'campaign update: your campaign is camp', 'AutoGenerated', '2023-03-04 00:19:29', '2023-03-04 00:19:29'),
(312, 'walidali', NULL, 'no', 'target update: your target is 0', 'AutoGenerated', '2023-03-04 00:46:23', '2023-03-04 00:46:23'),
(313, 'Yoshi', NULL, 'no', 'dedication update: you have 0 EPG dedication', 'AutoGenerated', '2023-03-04 00:50:52', '2023-03-04 00:50:52'),
(314, 'Shad', NULL, 'no', 'dedication update: you have 0 EPG dedication', 'AutoGenerated', '2023-03-04 00:50:52', '2023-03-04 00:50:52'),
(315, 'Clarke', NULL, 'no', 'dedication update: you have 0 EPG dedication', 'AutoGenerated', '2023-03-04 00:50:52', '2023-03-04 00:50:52'),
(316, 'Cassandra', NULL, 'no', 'dedication update: you have 0 EPG dedication', 'AutoGenerated', '2023-03-04 00:50:52', '2023-03-04 00:50:52'),
(317, 'Ignatius', NULL, 'no', 'dedication update: you have 0 EPG dedication', 'AutoGenerated', '2023-03-04 00:50:52', '2023-03-04 00:50:52'),
(318, 'Boris', NULL, 'no', 'dedication update: you have 0 EPG dedication', 'AutoGenerated', '2023-03-04 00:50:52', '2023-03-04 00:50:52'),
(319, 'Jonas', NULL, 'no', 'dedication update: you have 0 EPG dedication', 'AutoGenerated', '2023-03-04 00:50:52', '2023-03-04 00:50:52'),
(320, 'Fulton', NULL, 'no', 'dedication update: you have 0 EPG dedication', 'AutoGenerated', '2023-03-04 00:50:53', '2023-03-04 00:50:53'),
(321, 'Dustin', NULL, 'no', 'dedication update: you have 0 EPG dedication', 'AutoGenerated', '2023-03-04 00:50:53', '2023-03-04 00:50:53'),
(322, 'Montana', NULL, 'no', 'dedication update: you have 0 EPG dedication', 'AutoGenerated', '2023-03-04 00:50:53', '2023-03-04 00:50:53'),
(323, 'walidali', NULL, 'no', 'target update: your target is 3', 'AutoGenerated', '2023-03-04 00:51:27', '2023-03-04 00:51:27'),
(324, 'testUS', NULL, 'no', 'target update: your target is 5', 'AutoGenerated', '2023-03-04 00:51:27', '2023-03-04 00:51:27'),
(325, 'markUS', NULL, 'no', 'target update: your target is 565', 'AutoGenerated', '2023-03-04 00:51:27', '2023-03-04 00:51:27'),
(326, 'frank', NULL, 'no', 'target update: your target is 343', 'AutoGenerated', '2023-03-04 00:51:28', '2023-03-04 00:51:28'),
(327, 'testUSa', NULL, 'no', 'target update: your target is 34', 'AutoGenerated', '2023-03-04 00:51:28', '2023-03-04 00:51:28'),
(328, 'Yoshi', NULL, 'no', 'target update: your target is 56', 'AutoGenerated', '2023-03-04 00:51:28', '2023-03-04 00:51:28'),
(329, 'walidali', NULL, 'no', 'hi man', 'walid888', '2023-03-04 00:51:53', '2023-03-04 00:51:53');

-- --------------------------------------------------------

--
-- Table structure for table `attendance`
--

CREATE TABLE `attendance` (
  `id` int(11) NOT NULL,
  `user_name` varchar(100) NOT NULL,
  `user_id` int(11) NOT NULL,
  `day_date` date NOT NULL,
  `is_it_over` varchar(100) NOT NULL,
  `time_in` datetime DEFAULT NULL,
  `time_out` datetime DEFAULT NULL,
  `created_at` datetime DEFAULT CURRENT_TIMESTAMP
) ENGINE=InnoDB DEFAULT CHARSET=latin1;

--
-- Dumping data for table `attendance`
--

INSERT INTO `attendance` (`id`, `user_name`, `user_id`, `day_date`, `is_it_over`, `time_in`, `time_out`, `created_at`) VALUES
(75, 'testUS', 13, '2023-02-23', 'yes', '2023-02-23 20:00:00', '2023-02-23 02:00:00', '2023-02-23 00:53:30'),
(76, 'testUS', 13, '2023-02-22', 'yes', '2023-02-22 00:53:30', '2023-02-22 02:00:00', '2023-02-22 00:53:30'),
(77, 'testUS', 13, '2023-02-21', 'yes', '2023-02-21 00:53:30', '2023-02-21 07:53:30', '2023-02-21 00:53:30'),
(78, 'testUS', 13, '2023-02-20', 'yes', '2023-02-20 00:53:30', '2023-02-20 05:00:00', '2023-02-20 00:53:30'),
(79, 'testUS', 13, '2023-02-19', 'yes', '2023-02-19 00:53:30', '2023-02-19 05:53:30', '2023-02-19 00:53:30'),
(80, 'testUS', 13, '2023-02-18', 'yes', '2023-02-18 19:00:00', '2023-02-18 05:00:00', '2023-02-18 00:53:30'),
(81, 'testUS', 13, '2023-02-26', 'yes', '2023-02-25 01:20:53', '2023-02-25 01:20:56', '2023-02-25 01:20:53'),
(84, 'testUS', 13, '2023-02-25', 'yes', '2023-02-25 20:00:00', '2023-02-25 02:00:00', '2023-02-25 23:25:12'),
(85, 'walidali', 12, '2023-03-01', 'yes', '2023-03-01 00:34:08', '2023-03-01 00:34:09', '2023-03-01 00:34:08'),
(86, 'walid888', 11, '2023-03-04', 'yes', '2023-03-04 00:17:44', '2023-03-04 00:17:46', '2023-03-04 00:17:44');

-- --------------------------------------------------------

--
-- Table structure for table `users`
--

CREATE TABLE `users` (
  `id` int(11) NOT NULL,
  `first_name` varchar(100) NOT NULL,
  `last_name` varchar(100) NOT NULL,
  `email` varchar(100) NOT NULL,
  `user_name` varchar(100) NOT NULL,
  `gender` varchar(50) NOT NULL,
  `phone` varchar(15) NOT NULL,
  `address` varchar(255) NOT NULL,
  `password` varchar(255) NOT NULL,
  `campaign` varchar(255) DEFAULT 'NOT_SET',
  `rank` varchar(100) NOT NULL DEFAULT 'agint',
  `education` varchar(255) CHARACTER SET utf8 COLLATE utf8_bin DEFAULT NULL,
  `experience` varchar(255) DEFAULT NULL,
  `target` int(255) DEFAULT '0',
  `salary` int(255) DEFAULT '0',
  `dedication` int(255) DEFAULT '0',
  `enter_time` datetime DEFAULT NULL,
  `leave_time` datetime DEFAULT NULL,
  `created_at` datetime DEFAULT CURRENT_TIMESTAMP
) ENGINE=InnoDB DEFAULT CHARSET=latin1;

--
-- Dumping data for table `users`
--

INSERT INTO `users` (`id`, `first_name`, `last_name`, `email`, `user_name`, `gender`, `phone`, `address`, `password`, `campaign`, `rank`, `education`, `experience`, `target`, `salary`, `dedication`, `enter_time`, `leave_time`, `created_at`) VALUES
(9, 'leo', 'adams', 'leo@leo.leo', 'leoUS', 'male', '0941535901', 'shams', '$2y$10$Aq7MH71DAYxLFuDDT0GtmellgeTVp2xpon8wYrHi7L/vLiqd3Ff86', 'ngs', 'admin', 'my eduee', 'my exp', 12, 2000, 500, NULL, NULL, '2023-02-07 20:00:01'),
(11, 'walid', 'ali', 'walid@g.com', 'walid888', 'male', '0941535901', 'damscusssddd', '$2y$10$XQhPxro4Dw9fapMSapGq5.evUbxzO5dwK6Sj2zwDq4y12zExUYO/e', 'NOT_SET', 'admin', '???', 'wddqq', 11, 11, 500, NULL, NULL, '2023-02-07 22:51:11'),
(12, 'walid', 'ali', 'w@w.w', 'walidali', 'male', '1234567890', 'kkk', '$2y$10$9UuYeXGkjWbMUZjhPQsaXOQtoMgE4.otHdUbUbq0IbdziJlToP872', 'tort', 'agint', 'jj', 'jj', 3, 0, 0, '2023-01-01 19:00:00', '2023-01-01 02:00:00', '2023-02-13 19:19:13'),
(13, 'test', 'test', 'test@t.c', 'testUS', 'male', '123467890', 'damscus', '$2y$10$UudDlOBBk.Ik.enDLCSEqePE9gDp13pG485An7xblMQvhFlQAGN9S', 'tort', 'agint', 'Write a summary of your education', 'Write a summary of your experience:', 5, 0, 0, '2023-01-01 20:00:00', '2023-01-01 02:00:00', '2023-02-15 01:18:19'),
(14, 'mark', 'adams', 'm@m.m', 'markUS', 'female', '1234678', 'ddd', '$2y$10$vtgWKs02aLSHf3HsxKpHguWYB6KX7CP6TrNT5orzZuhsP2mYw5uXW', 'tort', 'agint', 'ssdd', 's', 565, 0, 0, '2023-01-01 07:00:00', '2023-01-01 00:00:00', '2023-02-15 22:48:17'),
(15, 'frank', 'f', 'f@f.f', 'frank', 'female', '123456', 'ssss', '$2y$10$pOiYrAitMu0g1f6.S.seFeaPUuI5fkRsxJ5PX/t2XNIpqQ1fjUn82', 'tort', 'agint', 'dddd', 'ffffff', 343, 0, 0, '2023-01-01 08:00:00', '2023-01-01 02:00:00', '2023-02-17 22:03:45'),
(17, 'bro', 'bro', 'b@b.b', 'broUS', 'male', '123456', '1xxx', '$2y$10$1nScZmLODg7/JZR58lyovuJGGRFhi3TzWcDN7mklYiBM9OWKqkJjy', 'tort', 'agint', NULL, NULL, 0, 0, 0, '2023-01-01 08:00:00', '2023-01-01 02:00:00', '2023-02-17 22:14:10'),
(18, 'test1', 'test1', 'test@t.c', 'testUSa', 'male', '123467890', 'damscus', '$2y$10$UudDlOBBk.Ik.enDLCSEqePE9gDp13pG485An7xblMQvhFlQAGN9S', 'camp', 'agint', 'Write a summary of your education', 'Write a summary of your experience:', 34, 0, 0, '2023-01-01 20:00:00', '2023-01-01 02:00:00', '2023-02-15 01:18:19'),
(24, 'Zahir Orr', 'Illiana Collier', 'dui.quis.accumsan@yahoo.couk', 'Yoshi', '', '6666666666', 'Göksun', '$2y$10$9UuYeXGkjWbMUZjhPQsaXOQtoMgE4.otHdUbUbq0IbdziJlToP872', 'NOT_SET', 'agint', 'purus, accumsan interdum libero dui', 'egestas a, scelerisque sed, sapien.', 56, 3, 0, '2023-01-01 00:00:00', '2023-01-01 00:00:00', '2023-02-28 21:44:47'),
(25, 'Xander Juarez', 'Nelle Horne', 'fringilla.euismod@protonmail.org', 'Shad', '', '6666666666', 'Trento', '$2y$10$9UuYeXGkjWbMUZjhPQsaXOQtoMgE4.otHdUbUbq0IbdziJlToP872', 'NOT_SET', 'agint', 'felis ullamcorper viverra. Maecenas iaculis', 'risus, at fringilla purus mauris', 0, 3, 0, '2023-01-01 00:00:00', '2023-01-01 00:00:00', '2023-02-28 21:44:47'),
(26, 'Alisa Bernard', 'Jelani Maxwell', 'integer.eu.lacus@protonmail.couk', 'Clarke', '', '6666666666', 'River Valley', '$2y$10$9UuYeXGkjWbMUZjhPQsaXOQtoMgE4.otHdUbUbq0IbdziJlToP872', 'NOT_SET', 'agint', 'tellus lorem eu metus. In', 'accumsan laoreet ipsum. Curabitur consequat,', 0, 3, 0, '2023-01-01 00:00:00', '2023-01-01 00:00:00', '2023-02-28 21:44:47'),
(27, 'Rinah Witt', 'Chastity Cortez', 'odio.aliquam.vulputate@hotmail.net', 'Cassandra', '', '6666666666', 'Stratford', '$2y$10$9UuYeXGkjWbMUZjhPQsaXOQtoMgE4.otHdUbUbq0IbdziJlToP872', 'NOT_SET', 'agint', 'Mauris nulla. Integer urna. Vivamus', 'nec orci. Donec nibh. Quisque', 0, 3, 0, '2023-01-01 00:00:00', '2023-01-01 00:00:00', '2023-02-28 21:44:47'),
(28, 'Maggie Buckley', 'Yoko Kelly', 'sed.consequat@hotmail.net', 'Ignatius', '', '6666666666', 'Cork', '$2y$10$9UuYeXGkjWbMUZjhPQsaXOQtoMgE4.otHdUbUbq0IbdziJlToP872', 'NOT_SET', 'agint', 'eu dolor egestas rhoncus. Proin', 'ultrices a, auctor non, feugiat', 0, 3, 0, '2023-01-01 00:00:00', '2023-01-01 00:00:00', '2023-02-28 21:44:47'),
(29, 'Zeph Hinton', 'Hermione Ferrell', 'sed.hendrerit@google.org', 'Boris', '', '6666666666', 'Lowestoft', '$2y$10$9UuYeXGkjWbMUZjhPQsaXOQtoMgE4.otHdUbUbq0IbdziJlToP872', 'NOT_SET', 'agint', 'Phasellus nulla. Integer vulputate, risus', 'congue turpis. In condimentum. Donec', 0, 3, 0, '2023-01-01 00:00:00', '2023-01-01 00:00:00', '2023-02-28 21:44:47'),
(30, 'Hope Mays', 'Fritz Hawkins', 'rutrum.non@aol.com', 'Jonas', '', '6666666666', 'Clermont-Ferrand', '$2y$10$9UuYeXGkjWbMUZjhPQsaXOQtoMgE4.otHdUbUbq0IbdziJlToP872', 'NOT_SET', 'agint', 'Nunc lectus pede, ultrices a,', 'ut quam vel sapien imperdiet', 0, 3, 0, '2023-01-01 00:00:00', '2023-01-01 00:00:00', '2023-02-28 21:44:47'),
(31, 'Nomlanga Barber', 'Wesley Hayden', 'nunc.ac@aol.edu', 'Fulton', '', '6666666666', 'Bhimber', '$2y$10$9UuYeXGkjWbMUZjhPQsaXOQtoMgE4.otHdUbUbq0IbdziJlToP872', 'NOT_SET', 'agint', 'gravida sagittis. Duis gravida. Praesent', 'Cum sociis natoque penatibus et', 0, 3, 0, '2023-01-01 00:00:00', '2023-01-01 00:00:00', '2023-02-28 21:44:47'),
(32, 'Nero Carney', 'Britanney Anderson', 'lobortis.mauris@icloud.com', 'Dustin', '', '6666666666', 'Pinetown', '$2y$10$9UuYeXGkjWbMUZjhPQsaXOQtoMgE4.otHdUbUbq0IbdziJlToP872', 'NOT_SET', 'agint', 'Suspendisse sagittis. Nullam vitae diam.', 'posuere cubilia Curae Phasellus ornare.', 0, 3, 0, '2023-01-01 00:00:00', '2023-01-01 00:00:00', '2023-02-28 21:44:47'),
(33, 'Lesley Johnson', 'Kieran Morse', 'gravida@icloud.net', 'Montana', '', '6666666666', 'Gunsan', '$2y$10$9UuYeXGkjWbMUZjhPQsaXOQtoMgE4.otHdUbUbq0IbdziJlToP872', 'NOT_SET', 'agint', 'auctor ullamcorper, nisl arcu iaculis', 'elit. Etiam laoreet, libero et', 0, 3, 0, '2023-01-01 00:00:00', '2023-01-01 00:00:00', '2023-02-28 21:44:47');

--
-- Indexes for dumped tables
--

--
-- Indexes for table `announcements`
--
ALTER TABLE `announcements`
  ADD PRIMARY KEY (`id`);

--
-- Indexes for table `attendance`
--
ALTER TABLE `attendance`
  ADD PRIMARY KEY (`id`);

--
-- Indexes for table `users`
--
ALTER TABLE `users`
  ADD PRIMARY KEY (`id`);

--
-- AUTO_INCREMENT for dumped tables
--

--
-- AUTO_INCREMENT for table `announcements`
--
ALTER TABLE `announcements`
  MODIFY `id` int(11) NOT NULL AUTO_INCREMENT, AUTO_INCREMENT=330;

--
-- AUTO_INCREMENT for table `attendance`
--
ALTER TABLE `attendance`
  MODIFY `id` int(11) NOT NULL AUTO_INCREMENT, AUTO_INCREMENT=87;

--
-- AUTO_INCREMENT for table `users`
--
ALTER TABLE `users`
  MODIFY `id` int(11) NOT NULL AUTO_INCREMENT, AUTO_INCREMENT=34;
COMMIT;

/*!40101 SET CHARACTER_SET_CLIENT=@OLD_CHARACTER_SET_CLIENT */;
/*!40101 SET CHARACTER_SET_RESULTS=@OLD_CHARACTER_SET_RESULTS */;
/*!40101 SET COLLATION_CONNECTION=@OLD_COLLATION_CONNECTION */;
